{"cameraMode":{"drawMode":0,"name":"Shaded","section":"Shading Mode"},"sceneLighting":false,"audioPlay":false,"sceneViewState":{"m_AlwaysRefresh":false,"showFog":true,"showSkybox":false,"showFlares":true,"showImageEffects":true,"showParticleSystems":true,"showVisualEffectGraphs":true,"m_FxEnabled":true},"in2DMode":false,"pivot":{"x":-0.1271943300962448,"y":1.4163516759872437,"z":-3.91845965385437},"rotation":{"x":-0.036557894200086597,"y":0.13391728699207307,"z":-0.0049445233307778839,"w":-0.9903393387794495},"size":0.5598652362823486,"orthographic":false}