{"cameraMode":{"drawMode":0,"name":"Shaded","section":"Shading Mode"},"sceneLighting":true,"audioPlay":false,"sceneViewState":{"m_AlwaysRefresh":false,"showFog":true,"showSkybox":true,"showFlares":true,"showImageEffects":true,"showParticleSystems":true,"showVisualEffectGraphs":true,"m_FxEnabled":true},"in2DMode":false,"pivot":{"x":-0.11989723145961762,"y":5.4599289894104,"z":92.52488708496094},"rotation":{"x":-0.12102266401052475,"y":0.10877888649702072,"z":-0.019958164542913438,"w":-0.9896500110626221},"size":0.8660253882408142,"orthographic":false}