{"cameraMode":{"drawMode":0,"name":"Shaded","section":"Shading Mode"},"sceneLighting":true,"audioPlay":false,"sceneViewState":{"m_AlwaysRefresh":false,"showFog":true,"showSkybox":true,"showFlares":true,"showImageEffects":true,"showParticleSystems":true,"showVisualEffectGraphs":true,"m_FxEnabled":true},"in2DMode":false,"pivot":{"x":-1.2962565422058106,"y":1.351919174194336,"z":-22.081523895263673},"rotation":{"x":-0.07709210366010666,"y":0.07946007698774338,"z":-0.006163092330098152,"w":-0.9940357208251953},"size":1.743248701095581,"orthographic":false}