{"cameraMode":{"drawMode":0,"name":"Shaded","section":"Shading Mode"},"sceneLighting":false,"audioPlay":false,"sceneViewState":{"m_AlwaysRefresh":false,"showFog":true,"showSkybox":false,"showFlares":true,"showImageEffects":true,"showParticleSystems":true,"showVisualEffectGraphs":true,"m_FxEnabled":true},"in2DMode":false,"pivot":{"x":3.452782392501831,"y":1.9353959560394288,"z":0.8088032007217407},"rotation":{"x":-0.09105490893125534,"y":-0.17531724274158479,"z":0.015490926802158356,"w":-0.9811760187149048},"size":8.491101264953614,"orthographic":false}