{"cameraMode":{"drawMode":0,"name":"Shaded","section":"Shading Mode"},"sceneLighting":false,"audioPlay":false,"sceneViewState":{"m_AlwaysRefresh":false,"showFog":true,"showSkybox":false,"showFlares":true,"showImageEffects":true,"showParticleSystems":true,"showVisualEffectGraphs":true,"m_FxEnabled":true},"in2DMode":false,"pivot":{"x":-3.060513973236084,"y":2.1471145153045656,"z":-0.46296215057373049},"rotation":{"x":0.0031784134916961195,"y":0.7077326774597168,"z":-0.0031851527746766807,"w":0.7064651250839233},"size":0.8660253882408142,"orthographic":false}