{"cameraMode":{"drawMode":0,"name":"Shaded","section":"Shading Mode"},"sceneLighting":false,"audioPlay":false,"sceneViewState":{"m_AlwaysRefresh":false,"showFog":true,"showSkybox":false,"showFlares":true,"showImageEffects":true,"showParticleSystems":true,"showVisualEffectGraphs":true,"m_FxEnabled":true},"in2DMode":false,"pivot":{"x":1.2368115186691285,"y":0.22788956761360169,"z":-3.9719326496124269},"rotation":{"x":0.017156381160020829,"y":0.9724910259246826,"z":-0.219511017203331,"w":0.07600857317447663},"size":3.5799288749694826,"orthographic":false}