{"cameraMode":{"drawMode":0,"name":"Shaded","section":"Shading Mode"},"sceneLighting":false,"audioPlay":false,"sceneViewState":{"m_AlwaysRefresh":false,"showFog":true,"showSkybox":false,"showFlares":true,"showImageEffects":true,"showParticleSystems":true,"showVisualEffectGraphs":true,"m_FxEnabled":true},"in2DMode":false,"pivot":{"x":-0.015000104904174805,"y":0.38999998569488528,"z":5.650000095367432},"rotation":{"x":0.11292829364538193,"y":0.06736461818218231,"z":-0.007603672333061695,"w":0.9915251135826111},"size":7.217072010040283,"orthographic":false}